"0","join %>%"
"0","  mutate(DayOfWeek =recode(DayOfWeek, "
"0","                         `1` = 'Monday', "
"0","                         `2` = 'Tuesday',"
"0","                         `3` = 'Wednesday',"
"0","                         `4` = 'Thursday',"
"0","                         `5` = 'Friday',"
"0","                         `6` = 'Saturday',"
"0","                         `7` = 'Sunday')) %>%"
"0","  summarise(Sales = mean(Sales)) %>%"
"0","  ggplot()+"
"0","  aes(x = reorder(DayOfWeek, -Sales),"
"0","      y = Sales,"
"0","      fill = DayOfWeek)+"
"0","  geom_col()+"
"0","  theme_minimal()+ "
"0","  labs(x = ""Day of the Week"","
"0","       fill = ""Day of the Week"")"
"2","Error in reorder(DayOfWeek, -Sales) : object 'DayOfWeek' not found
"
